child,parent_1,parent_2,parent_3
GEN=54_MEMBER=0_DE,GEN=53_MEMBER=422_PSO,GEN=52_MEMBER=395_PSO,GEN=52_MEMBER=387_PSO,GEN=51_MEMBER=367_PSO
GEN=54_MEMBER=1_DE,GEN=53_MEMBER=422_PSO,GEN=51_MEMBER=367_PSO,GEN=51_MEMBER=345_PSO,GEN=50_MEMBER=332_PSO
GEN=54_MEMBER=2_DE,GEN=53_MEMBER=422_PSO,GEN=52_MEMBER=373_PSO,GEN=51_MEMBER=367_PSO,GEN=50_MEMBER=332_PSO
GEN=54_MEMBER=3_DE,GEN=52_MEMBER=395_PSO,GEN=52_MEMBER=387_PSO,GEN=52_MEMBER=373_PSO,GEN=51_MEMBER=367_PSO
GEN=54_MEMBER=4_DE,GEN=52_MEMBER=395_PSO,GEN=51_MEMBER=367_PSO,GEN=51_MEMBER=345_PSO,GEN=50_MEMBER=332_PSO
GEN=54_MEMBER=5_DE,GEN=53_MEMBER=424_PSO,GEN=52_MEMBER=387_PSO,GEN=51_MEMBER=367_PSO,GEN=50_MEMBER=332_PSO
GEN=54_MEMBER=6_DE,GEN=53_MEMBER=422_PSO,GEN=52_MEMBER=373_PSO,GEN=51_MEMBER=367_PSO,GEN=51_MEMBER=345_PSO
GEN=54_MEMBER=7_DE,GEN=53_MEMBER=422_PSO,GEN=52_MEMBER=395_PSO,GEN=51_MEMBER=345_PSO,GEN=50_MEMBER=332_PSO
GEN=54_MEMBER=8_DE,GEN=52_MEMBER=395_PSO,GEN=52_MEMBER=373_PSO,GEN=51_MEMBER=367_PSO,GEN=50_MEMBER=332_PSO
GEN=54_MEMBER=9_DE,GEN=53_MEMBER=424_PSO,GEN=53_MEMBER=422_PSO,GEN=52_MEMBER=395_PSO,GEN=50_MEMBER=332_PSO
GEN=54_MEMBER=10_DE,GEN=53_MEMBER=424_PSO,GEN=52_MEMBER=387_PSO,GEN=52_MEMBER=373_PSO,GEN=50_MEMBER=332_PSO
GEN=54_MEMBER=11_DE,GEN=53_MEMBER=424_PSO,GEN=52_MEMBER=395_PSO,GEN=51_MEMBER=367_PSO,GEN=50_MEMBER=332_PSO
GEN=54_MEMBER=12_DE,GEN=53_MEMBER=422_PSO,GEN=52_MEMBER=395_PSO,GEN=51_MEMBER=367_PSO,GEN=50_MEMBER=332_PSO
GEN=54_MEMBER=13_DE,GEN=53_MEMBER=422_PSO,GEN=52_MEMBER=373_PSO,GEN=51_MEMBER=345_PSO,GEN=50_MEMBER=332_PSO
GEN=54_MEMBER=14_DE,GEN=53_MEMBER=424_PSO,GEN=52_MEMBER=395_PSO,GEN=52_MEMBER=387_PSO,GEN=51_MEMBER=345_PSO
GEN=54_MEMBER=15_DE,GEN=53_MEMBER=424_PSO,GEN=53_MEMBER=422_PSO,GEN=52_MEMBER=395_PSO,GEN=51_MEMBER=345_PSO
GEN=54_MEMBER=16_DE,GEN=53_MEMBER=424_PSO,GEN=53_MEMBER=422_PSO,GEN=52_MEMBER=395_PSO,GEN=52_MEMBER=387_PSO
GEN=54_MEMBER=17_DE,GEN=53_MEMBER=424_PSO,GEN=53_MEMBER=422_PSO,GEN=51_MEMBER=367_PSO,GEN=50_MEMBER=332_PSO
GEN=54_MEMBER=18_DE,GEN=52_MEMBER=387_PSO,GEN=52_MEMBER=373_PSO,GEN=51_MEMBER=367_PSO,GEN=51_MEMBER=345_PSO
GEN=54_MEMBER=19_DE,GEN=53_MEMBER=424_PSO,GEN=52_MEMBER=395_PSO,GEN=52_MEMBER=373_PSO,GEN=51_MEMBER=345_PSO
GEN=54_MEMBER=20_DE,GEN=53_MEMBER=424_PSO,GEN=52_MEMBER=395_PSO,GEN=52_MEMBER=373_PSO,GEN=50_MEMBER=332_PSO
GEN=54_MEMBER=21_PSO,GEN=53_MEMBER=424_PSO,,
GEN=54_MEMBER=22_PSO,GEN=53_MEMBER=422_PSO,,
GEN=54_MEMBER=23_PSO,GEN=52_MEMBER=395_PSO,,
GEN=54_MEMBER=24_PSO,GEN=52_MEMBER=387_PSO,,
GEN=54_MEMBER=25_PSO,GEN=52_MEMBER=373_PSO,,
GEN=54_MEMBER=26_PSO,GEN=51_MEMBER=367_PSO,,
GEN=54_MEMBER=27_PSO,GEN=51_MEMBER=345_PSO,,
GEN=54_MEMBER=28_PSO,GEN=50_MEMBER=332_PSO,,
GEN=54_MEMBER=29_PSO,GEN=50_MEMBER=327_PSO,,
GEN=54_MEMBER=30_PSO,GEN=54_MEMBER=0_DE,,
GEN=54_MEMBER=31_PSO,GEN=54_MEMBER=1_DE,,
GEN=54_MEMBER=32_PSO,GEN=54_MEMBER=2_DE,,
GEN=54_MEMBER=33_PSO,GEN=54_MEMBER=3_DE,,
GEN=54_MEMBER=34_PSO,GEN=54_MEMBER=4_DE,,
GEN=54_MEMBER=35_PSO,GEN=54_MEMBER=5_DE,,
GEN=54_MEMBER=36_PSO,GEN=54_MEMBER=6_DE,,
GEN=54_MEMBER=37_PSO,GEN=54_MEMBER=7_DE,,
GEN=54_MEMBER=38_PSO,GEN=54_MEMBER=8_DE,,
GEN=54_MEMBER=39_PSO,GEN=54_MEMBER=9_DE,,
GEN=54_MEMBER=40_PSO,GEN=54_MEMBER=10_DE,,
GEN=54_MEMBER=41_PSO,GEN=54_MEMBER=11_DE,,
GEN=54_MEMBER=42_PSO,GEN=54_MEMBER=12_DE,,
GEN=54_MEMBER=43_PSO,GEN=54_MEMBER=13_DE,,
GEN=54_MEMBER=44_PSO,GEN=54_MEMBER=14_DE,,
GEN=54_MEMBER=45_PSO,GEN=54_MEMBER=15_DE,,
GEN=54_MEMBER=46_PSO,GEN=54_MEMBER=16_DE,,
GEN=54_MEMBER=47_PSO,GEN=54_MEMBER=17_DE,,
GEN=54_MEMBER=48_PSO,GEN=54_MEMBER=18_DE,,
GEN=54_MEMBER=49_PSO,GEN=54_MEMBER=19_DE,,
GEN=54_MEMBER=50_PSO,GEN=54_MEMBER=20_DE,,
GEN=55_MEMBER=51_PSO,GEN=54_MEMBER=50_PSO,,
GEN=55_MEMBER=52_PSO,GEN=54_MEMBER=48_PSO,,
GEN=55_MEMBER=53_PSO,GEN=54_MEMBER=47_PSO,,
GEN=55_MEMBER=54_PSO,GEN=54_MEMBER=46_PSO,,
GEN=55_MEMBER=55_PSO,GEN=54_MEMBER=40_PSO,,
GEN=55_MEMBER=56_PSO,GEN=54_MEMBER=38_PSO,,
GEN=55_MEMBER=57_PSO,GEN=54_MEMBER=34_PSO,,
GEN=55_MEMBER=58_PSO,GEN=54_MEMBER=33_PSO,,
GEN=55_MEMBER=59_PSO,GEN=53_MEMBER=424_PSO,,
GEN=55_MEMBER=60_PSO,GEN=52_MEMBER=395_PSO,,
GEN=55_MEMBER=61_PSO,GEN=52_MEMBER=387_PSO,,
GEN=55_MEMBER=62_PSO,GEN=52_MEMBER=373_PSO,,
GEN=55_MEMBER=63_PSO,GEN=51_MEMBER=367_PSO,,
GEN=55_MEMBER=64_PSO,GEN=51_MEMBER=345_PSO,,
GEN=55_MEMBER=65_PSO,GEN=50_MEMBER=332_PSO,,
GEN=55_MEMBER=66_PSO,GEN=54_MEMBER=44_PSO,,
GEN=55_MEMBER=67_PSO,GEN=54_MEMBER=43_PSO,,
GEN=55_MEMBER=68_PSO,GEN=54_MEMBER=42_PSO,,
GEN=55_MEMBER=69_PSO,GEN=54_MEMBER=37_PSO,,
GEN=55_MEMBER=70_PSO,GEN=54_MEMBER=36_PSO,,
GEN=55_MEMBER=71_PSO,GEN=54_MEMBER=35_PSO,,
GEN=55_MEMBER=72_PSO,GEN=54_MEMBER=31_PSO,,
GEN=55_MEMBER=73_PSO,GEN=54_MEMBER=30_PSO,,
GEN=55_MEMBER=74_PSO,GEN=53_MEMBER=422_PSO,,
GEN=55_MEMBER=75_PSO,GEN=50_MEMBER=327_PSO,,
GEN=55_MEMBER=76_PSO,GEN=54_MEMBER=41_PSO,,
GEN=55_MEMBER=77_PSO,GEN=54_MEMBER=32_PSO,,
GEN=55_MEMBER=78_PSO,GEN=54_MEMBER=39_PSO,,
GEN=55_MEMBER=79_PSO,GEN=54_MEMBER=26_PSO,,
GEN=55_MEMBER=80_PSO,GEN=54_MEMBER=24_PSO,,
GEN=56_MEMBER=81_PSO,GEN=55_MEMBER=55_PSO,,
GEN=56_MEMBER=82_PSO,GEN=54_MEMBER=50_PSO,,
GEN=56_MEMBER=83_PSO,GEN=54_MEMBER=48_PSO,,
GEN=56_MEMBER=84_PSO,GEN=54_MEMBER=47_PSO,,
GEN=56_MEMBER=85_PSO,GEN=54_MEMBER=46_PSO,,
GEN=56_MEMBER=86_PSO,GEN=54_MEMBER=40_PSO,,
GEN=56_MEMBER=87_PSO,GEN=54_MEMBER=38_PSO,,
GEN=56_MEMBER=88_PSO,GEN=54_MEMBER=34_PSO,,
GEN=56_MEMBER=89_PSO,GEN=54_MEMBER=33_PSO,,
GEN=56_MEMBER=90_PSO,GEN=53_MEMBER=424_PSO,,
GEN=56_MEMBER=91_PSO,GEN=52_MEMBER=395_PSO,,
GEN=56_MEMBER=92_PSO,GEN=52_MEMBER=387_PSO,,
GEN=56_MEMBER=93_PSO,GEN=52_MEMBER=373_PSO,,
GEN=56_MEMBER=94_PSO,GEN=51_MEMBER=367_PSO,,
GEN=56_MEMBER=95_PSO,GEN=51_MEMBER=345_PSO,,
GEN=56_MEMBER=96_PSO,GEN=50_MEMBER=332_PSO,,
GEN=56_MEMBER=97_PSO,GEN=50_MEMBER=327_PSO,,
GEN=56_MEMBER=98_PSO,GEN=54_MEMBER=44_PSO,,
GEN=56_MEMBER=99_PSO,GEN=54_MEMBER=43_PSO,,
GEN=56_MEMBER=100_PSO,GEN=54_MEMBER=42_PSO,,
GEN=56_MEMBER=101_PSO,GEN=54_MEMBER=37_PSO,,
GEN=56_MEMBER=102_PSO,GEN=54_MEMBER=36_PSO,,
GEN=56_MEMBER=103_PSO,GEN=54_MEMBER=35_PSO,,
GEN=56_MEMBER=104_PSO,GEN=54_MEMBER=31_PSO,,
GEN=56_MEMBER=105_PSO,GEN=54_MEMBER=30_PSO,,
GEN=56_MEMBER=106_PSO,GEN=53_MEMBER=422_PSO,,
GEN=56_MEMBER=107_PSO,GEN=54_MEMBER=41_PSO,,
GEN=56_MEMBER=108_PSO,GEN=54_MEMBER=32_PSO,,
GEN=56_MEMBER=109_PSO,GEN=55_MEMBER=52_PSO,,
GEN=56_MEMBER=110_PSO,GEN=55_MEMBER=80_PSO,,
GEN=57_MEMBER=111_PSO,GEN=55_MEMBER=55_PSO,,
GEN=57_MEMBER=112_PSO,GEN=54_MEMBER=50_PSO,,
GEN=57_MEMBER=113_PSO,GEN=54_MEMBER=48_PSO,,
GEN=57_MEMBER=114_PSO,GEN=54_MEMBER=47_PSO,,
GEN=57_MEMBER=115_PSO,GEN=54_MEMBER=46_PSO,,
GEN=57_MEMBER=116_PSO,GEN=54_MEMBER=40_PSO,,
GEN=57_MEMBER=117_PSO,GEN=54_MEMBER=38_PSO,,
GEN=57_MEMBER=118_PSO,GEN=54_MEMBER=34_PSO,,
GEN=57_MEMBER=119_PSO,GEN=54_MEMBER=33_PSO,,
GEN=57_MEMBER=120_PSO,GEN=53_MEMBER=424_PSO,,
GEN=57_MEMBER=121_PSO,GEN=52_MEMBER=395_PSO,,
GEN=57_MEMBER=122_PSO,GEN=52_MEMBER=387_PSO,,
GEN=57_MEMBER=123_PSO,GEN=52_MEMBER=373_PSO,,
GEN=57_MEMBER=124_PSO,GEN=51_MEMBER=367_PSO,,
GEN=57_MEMBER=125_PSO,GEN=51_MEMBER=345_PSO,,
GEN=57_MEMBER=126_PSO,GEN=50_MEMBER=332_PSO,,
GEN=57_MEMBER=127_PSO,GEN=50_MEMBER=327_PSO,,
GEN=57_MEMBER=128_PSO,GEN=54_MEMBER=44_PSO,,
GEN=57_MEMBER=129_PSO,GEN=54_MEMBER=43_PSO,,
GEN=57_MEMBER=130_PSO,GEN=54_MEMBER=42_PSO,,
GEN=57_MEMBER=131_PSO,GEN=54_MEMBER=37_PSO,,
GEN=57_MEMBER=132_PSO,GEN=54_MEMBER=36_PSO,,
GEN=57_MEMBER=133_PSO,GEN=54_MEMBER=35_PSO,,
GEN=57_MEMBER=134_PSO,GEN=54_MEMBER=31_PSO,,
GEN=57_MEMBER=135_PSO,GEN=54_MEMBER=30_PSO,,
GEN=57_MEMBER=136_PSO,GEN=53_MEMBER=422_PSO,,
GEN=57_MEMBER=137_PSO,GEN=54_MEMBER=41_PSO,,
GEN=57_MEMBER=138_PSO,GEN=54_MEMBER=32_PSO,,
GEN=57_MEMBER=139_PSO,GEN=55_MEMBER=52_PSO,,
GEN=57_MEMBER=140_PSO,GEN=56_MEMBER=92_PSO,,
GEN=58_MEMBER=141_PSO,GEN=57_MEMBER=140_PSO,,
GEN=58_MEMBER=142_PSO,GEN=57_MEMBER=139_PSO,,
GEN=58_MEMBER=143_PSO,GEN=53_MEMBER=424_PSO,,
GEN=58_MEMBER=144_PSO,GEN=57_MEMBER=115_PSO,,
GEN=58_MEMBER=145_PSO,GEN=57_MEMBER=113_PSO,,
GEN=58_MEMBER=146_PSO,GEN=52_MEMBER=395_PSO,,
GEN=58_MEMBER=147_PSO,GEN=52_MEMBER=387_PSO,,
GEN=58_MEMBER=148_PSO,GEN=52_MEMBER=373_PSO,,
GEN=58_MEMBER=149_PSO,GEN=54_MEMBER=50_PSO,,
GEN=58_MEMBER=150_PSO,GEN=54_MEMBER=48_PSO,,
GEN=58_MEMBER=151_PSO,GEN=54_MEMBER=47_PSO,,
GEN=58_MEMBER=152_PSO,GEN=54_MEMBER=46_PSO,,
GEN=58_MEMBER=153_PSO,GEN=51_MEMBER=367_PSO,,
GEN=58_MEMBER=154_PSO,GEN=51_MEMBER=345_PSO,,
GEN=58_MEMBER=155_PSO,GEN=50_MEMBER=332_PSO,,
GEN=58_MEMBER=156_PSO,GEN=50_MEMBER=327_PSO,,
GEN=58_MEMBER=157_PSO,GEN=54_MEMBER=40_PSO,,
GEN=58_MEMBER=158_PSO,GEN=54_MEMBER=38_PSO,,
GEN=58_MEMBER=159_PSO,GEN=54_MEMBER=34_PSO,,
GEN=58_MEMBER=160_PSO,GEN=54_MEMBER=33_PSO,,
GEN=58_MEMBER=161_PSO,GEN=57_MEMBER=116_PSO,,
GEN=58_MEMBER=162_PSO,GEN=57_MEMBER=111_PSO,,
GEN=58_MEMBER=163_PSO,GEN=55_MEMBER=55_PSO,,
GEN=58_MEMBER=164_PSO,GEN=54_MEMBER=44_PSO,,
GEN=58_MEMBER=165_PSO,GEN=54_MEMBER=43_PSO,,
GEN=58_MEMBER=166_PSO,GEN=54_MEMBER=42_PSO,,
GEN=58_MEMBER=167_PSO,GEN=54_MEMBER=37_PSO,,
GEN=58_MEMBER=168_PSO,GEN=54_MEMBER=36_PSO,,
GEN=58_MEMBER=169_PSO,GEN=54_MEMBER=30_PSO,,
GEN=58_MEMBER=170_PSO,GEN=54_MEMBER=35_PSO,,
GEN=59_MEMBER=171_PSO,GEN=54_MEMBER=48_PSO,,
GEN=59_MEMBER=172_PSO,GEN=57_MEMBER=113_PSO,,
GEN=59_MEMBER=173_PSO,GEN=54_MEMBER=47_PSO,,
GEN=59_MEMBER=174_PSO,GEN=58_MEMBER=145_PSO,,
GEN=59_MEMBER=175_PSO,GEN=54_MEMBER=46_PSO,,
GEN=59_MEMBER=176_PSO,GEN=58_MEMBER=142_PSO,,
GEN=59_MEMBER=177_PSO,GEN=57_MEMBER=140_PSO,,
GEN=59_MEMBER=178_PSO,GEN=57_MEMBER=139_PSO,,
GEN=59_MEMBER=179_PSO,GEN=54_MEMBER=50_PSO,,
GEN=59_MEMBER=180_PSO,GEN=54_MEMBER=34_PSO,,
GEN=59_MEMBER=181_PSO,GEN=54_MEMBER=33_PSO,,
GEN=59_MEMBER=182_PSO,GEN=53_MEMBER=424_PSO,,
GEN=59_MEMBER=183_PSO,GEN=52_MEMBER=387_PSO,,
GEN=59_MEMBER=184_PSO,GEN=52_MEMBER=373_PSO,,
GEN=59_MEMBER=185_PSO,GEN=51_MEMBER=367_PSO,,
GEN=59_MEMBER=186_PSO,GEN=51_MEMBER=345_PSO,,
GEN=59_MEMBER=187_PSO,GEN=50_MEMBER=332_PSO,,
GEN=59_MEMBER=188_PSO,GEN=50_MEMBER=327_PSO,,
GEN=59_MEMBER=189_PSO,GEN=54_MEMBER=43_PSO,,
GEN=59_MEMBER=190_PSO,GEN=54_MEMBER=42_PSO,,
GEN=59_MEMBER=191_PSO,GEN=54_MEMBER=40_PSO,,
GEN=59_MEMBER=192_PSO,GEN=54_MEMBER=36_PSO,,
GEN=59_MEMBER=193_PSO,GEN=54_MEMBER=44_PSO,,
GEN=59_MEMBER=194_PSO,GEN=58_MEMBER=162_PSO,,
GEN=59_MEMBER=195_PSO,GEN=54_MEMBER=30_PSO,,
GEN=59_MEMBER=196_PSO,GEN=58_MEMBER=161_PSO,,
GEN=59_MEMBER=197_PSO,GEN=52_MEMBER=395_PSO,,
GEN=59_MEMBER=198_PSO,GEN=58_MEMBER=144_PSO,,
GEN=59_MEMBER=199_PSO,GEN=57_MEMBER=116_PSO,,
GEN=59_MEMBER=200_PSO,GEN=57_MEMBER=115_PSO,,
GEN=60_MEMBER=201_PSO,GEN=54_MEMBER=48_PSO,,
GEN=60_MEMBER=202_PSO,GEN=54_MEMBER=50_PSO,,
GEN=60_MEMBER=203_PSO,GEN=58_MEMBER=145_PSO,,
GEN=60_MEMBER=204_PSO,GEN=54_MEMBER=46_PSO,,
GEN=60_MEMBER=205_PSO,GEN=57_MEMBER=113_PSO,,
GEN=60_MEMBER=206_PSO,GEN=58_MEMBER=142_PSO,,
GEN=60_MEMBER=207_PSO,GEN=54_MEMBER=47_PSO,,
GEN=60_MEMBER=208_PSO,GEN=57_MEMBER=140_PSO,,
GEN=60_MEMBER=209_PSO,GEN=54_MEMBER=34_PSO,,
GEN=60_MEMBER=210_PSO,GEN=54_MEMBER=33_PSO,,
GEN=60_MEMBER=211_PSO,GEN=53_MEMBER=424_PSO,,
GEN=60_MEMBER=212_PSO,GEN=52_MEMBER=387_PSO,,
GEN=60_MEMBER=213_PSO,GEN=52_MEMBER=373_PSO,,
GEN=60_MEMBER=214_PSO,GEN=51_MEMBER=367_PSO,,
GEN=60_MEMBER=215_PSO,GEN=51_MEMBER=345_PSO,,
GEN=60_MEMBER=216_PSO,GEN=50_MEMBER=332_PSO,,
GEN=60_MEMBER=217_PSO,GEN=57_MEMBER=116_PSO,,
GEN=60_MEMBER=218_PSO,GEN=57_MEMBER=115_PSO,,
GEN=60_MEMBER=219_PSO,GEN=59_MEMBER=198_PSO,,
GEN=60_MEMBER=220_PSO,GEN=54_MEMBER=44_PSO,,
GEN=60_MEMBER=221_PSO,GEN=54_MEMBER=43_PSO,,
GEN=60_MEMBER=222_PSO,GEN=54_MEMBER=40_PSO,,
GEN=60_MEMBER=223_PSO,GEN=54_MEMBER=36_PSO,,
GEN=60_MEMBER=224_PSO,GEN=59_MEMBER=196_PSO,,
GEN=60_MEMBER=225_PSO,GEN=59_MEMBER=194_PSO,,
GEN=60_MEMBER=226_PSO,GEN=54_MEMBER=30_PSO,,
GEN=60_MEMBER=227_PSO,GEN=59_MEMBER=176_PSO,,
GEN=60_MEMBER=228_PSO,GEN=52_MEMBER=395_PSO,,
GEN=60_MEMBER=229_PSO,GEN=59_MEMBER=172_PSO,,
GEN=60_MEMBER=230_PSO,GEN=58_MEMBER=162_PSO,,
GEN=61_MEMBER=231_PSO,GEN=57_MEMBER=113_PSO,,
GEN=61_MEMBER=232_PSO,GEN=60_MEMBER=225_PSO,,
GEN=61_MEMBER=233_PSO,GEN=54_MEMBER=50_PSO,,
GEN=61_MEMBER=234_PSO,GEN=54_MEMBER=48_PSO,,
GEN=61_MEMBER=235_PSO,GEN=60_MEMBER=206_PSO,,
GEN=61_MEMBER=236_PSO,GEN=54_MEMBER=47_PSO,,
GEN=61_MEMBER=237_PSO,GEN=54_MEMBER=46_PSO,,
GEN=61_MEMBER=238_PSO,GEN=54_MEMBER=34_PSO,,
GEN=61_MEMBER=239_PSO,GEN=54_MEMBER=33_PSO,,
GEN=61_MEMBER=240_PSO,GEN=53_MEMBER=424_PSO,,
GEN=61_MEMBER=241_PSO,GEN=52_MEMBER=387_PSO,,
GEN=61_MEMBER=242_PSO,GEN=52_MEMBER=373_PSO,,
GEN=61_MEMBER=243_PSO,GEN=58_MEMBER=145_PSO,,
GEN=61_MEMBER=244_PSO,GEN=58_MEMBER=142_PSO,,
GEN=61_MEMBER=245_PSO,GEN=57_MEMBER=140_PSO,,
GEN=61_MEMBER=246_PSO,GEN=51_MEMBER=367_PSO,,
GEN=61_MEMBER=247_PSO,GEN=51_MEMBER=345_PSO,,
GEN=61_MEMBER=248_PSO,GEN=50_MEMBER=332_PSO,,
GEN=61_MEMBER=249_PSO,GEN=60_MEMBER=205_PSO,,
GEN=61_MEMBER=250_PSO,GEN=59_MEMBER=198_PSO,,
GEN=61_MEMBER=251_PSO,GEN=59_MEMBER=194_PSO,,
GEN=61_MEMBER=252_PSO,GEN=59_MEMBER=172_PSO,,
GEN=61_MEMBER=253_PSO,GEN=58_MEMBER=162_PSO,,
GEN=61_MEMBER=254_PSO,GEN=57_MEMBER=116_PSO,,
GEN=61_MEMBER=255_PSO,GEN=57_MEMBER=115_PSO,,
GEN=61_MEMBER=256_PSO,GEN=54_MEMBER=40_PSO,,
GEN=61_MEMBER=257_PSO,GEN=52_MEMBER=395_PSO,,
GEN=61_MEMBER=258_PSO,GEN=54_MEMBER=36_PSO,,
GEN=61_MEMBER=259_PSO,GEN=54_MEMBER=43_PSO,,
GEN=61_MEMBER=260_PSO,GEN=54_MEMBER=30_PSO,,
GEN=62_MEMBER=261_PSO,GEN=50_MEMBER=332_PSO,,
GEN=62_MEMBER=262_PSO,GEN=61_MEMBER=252_PSO,,
GEN=62_MEMBER=263_PSO,GEN=54_MEMBER=46_PSO,,
GEN=62_MEMBER=264_PSO,GEN=61_MEMBER=246_PSO,,
GEN=62_MEMBER=265_PSO,GEN=61_MEMBER=244_PSO,,
GEN=62_MEMBER=266_PSO,GEN=54_MEMBER=47_PSO,,
GEN=62_MEMBER=267_PSO,GEN=57_MEMBER=140_PSO,,
GEN=62_MEMBER=268_PSO,GEN=54_MEMBER=48_PSO,,
GEN=62_MEMBER=269_PSO,GEN=60_MEMBER=225_PSO,,
GEN=62_MEMBER=270_PSO,GEN=57_MEMBER=113_PSO,,
GEN=62_MEMBER=271_PSO,GEN=58_MEMBER=145_PSO,,
GEN=62_MEMBER=272_PSO,GEN=58_MEMBER=142_PSO,,
GEN=62_MEMBER=273_PSO,GEN=54_MEMBER=50_PSO,,
GEN=62_MEMBER=274_PSO,GEN=54_MEMBER=34_PSO,,
GEN=62_MEMBER=275_PSO,GEN=54_MEMBER=33_PSO,,
GEN=62_MEMBER=276_PSO,GEN=53_MEMBER=424_PSO,,
GEN=62_MEMBER=277_PSO,GEN=52_MEMBER=387_PSO,,
GEN=62_MEMBER=278_PSO,GEN=52_MEMBER=373_PSO,,
GEN=62_MEMBER=279_PSO,GEN=51_MEMBER=367_PSO,,
GEN=62_MEMBER=280_PSO,GEN=51_MEMBER=345_PSO,,
GEN=62_MEMBER=281_PSO,GEN=54_MEMBER=43_PSO,,
GEN=62_MEMBER=282_PSO,GEN=54_MEMBER=40_PSO,,
GEN=62_MEMBER=283_PSO,GEN=54_MEMBER=36_PSO,,
GEN=62_MEMBER=284_PSO,GEN=61_MEMBER=234_PSO,,
GEN=62_MEMBER=285_PSO,GEN=60_MEMBER=206_PSO,,
GEN=62_MEMBER=286_PSO,GEN=54_MEMBER=30_PSO,,
GEN=62_MEMBER=287_PSO,GEN=60_MEMBER=205_PSO,,
GEN=62_MEMBER=288_PSO,GEN=52_MEMBER=395_PSO,,
GEN=62_MEMBER=289_PSO,GEN=59_MEMBER=198_PSO,,
GEN=62_MEMBER=290_PSO,GEN=59_MEMBER=172_PSO,,
GEN=63_MEMBER=291_PSO,GEN=62_MEMBER=287_PSO,,
GEN=63_MEMBER=292_PSO,GEN=62_MEMBER=272_PSO,,
GEN=63_MEMBER=293_PSO,GEN=54_MEMBER=50_PSO,,
GEN=63_MEMBER=294_PSO,GEN=62_MEMBER=270_PSO,,
GEN=63_MEMBER=295_PSO,GEN=54_MEMBER=48_PSO,,
GEN=63_MEMBER=296_PSO,GEN=54_MEMBER=47_PSO,,
GEN=63_MEMBER=297_PSO,GEN=54_MEMBER=46_PSO,,
GEN=63_MEMBER=298_PSO,GEN=54_MEMBER=33_PSO,,
GEN=63_MEMBER=299_PSO,GEN=61_MEMBER=252_PSO,,
GEN=63_MEMBER=300_PSO,GEN=54_MEMBER=30_PSO,,
GEN=63_MEMBER=301_PSO,GEN=61_MEMBER=244_PSO,,
GEN=63_MEMBER=302_PSO,GEN=53_MEMBER=424_PSO,,
GEN=63_MEMBER=303_PSO,GEN=60_MEMBER=225_PSO,,
GEN=63_MEMBER=304_PSO,GEN=52_MEMBER=373_PSO,,
GEN=63_MEMBER=305_PSO,GEN=51_MEMBER=367_PSO,,
GEN=63_MEMBER=306_PSO,GEN=51_MEMBER=345_PSO,,
GEN=63_MEMBER=307_PSO,GEN=50_MEMBER=332_PSO,,
GEN=63_MEMBER=308_PSO,GEN=58_MEMBER=145_PSO,,
GEN=63_MEMBER=309_PSO,GEN=58_MEMBER=142_PSO,,
GEN=63_MEMBER=310_PSO,GEN=57_MEMBER=140_PSO,,
GEN=63_MEMBER=311_PSO,GEN=57_MEMBER=113_PSO,,
GEN=63_MEMBER=312_PSO,GEN=62_MEMBER=265_PSO,,
GEN=63_MEMBER=313_PSO,GEN=61_MEMBER=246_PSO,,
GEN=63_MEMBER=314_PSO,GEN=61_MEMBER=234_PSO,,
GEN=63_MEMBER=315_PSO,GEN=60_MEMBER=206_PSO,,
GEN=63_MEMBER=316_PSO,GEN=59_MEMBER=172_PSO,,
GEN=63_MEMBER=317_PSO,GEN=52_MEMBER=395_PSO,,
GEN=63_MEMBER=318_PSO,GEN=52_MEMBER=387_PSO,,
GEN=63_MEMBER=319_PSO,GEN=54_MEMBER=34_PSO,,
GEN=63_MEMBER=320_PSO,GEN=54_MEMBER=43_PSO,,
GEN=64_MEMBER=321_PSO,GEN=63_MEMBER=316_PSO,,
GEN=64_MEMBER=322_PSO,GEN=54_MEMBER=47_PSO,,
GEN=64_MEMBER=323_PSO,GEN=63_MEMBER=314_PSO,,
GEN=64_MEMBER=324_PSO,GEN=54_MEMBER=46_PSO,,
GEN=64_MEMBER=325_PSO,GEN=54_MEMBER=33_PSO,,
GEN=64_MEMBER=326_PSO,GEN=62_MEMBER=287_PSO,,
GEN=64_MEMBER=327_PSO,GEN=62_MEMBER=272_PSO,,
GEN=64_MEMBER=328_PSO,GEN=62_MEMBER=270_PSO,,
GEN=64_MEMBER=329_PSO,GEN=53_MEMBER=424_PSO,,
GEN=64_MEMBER=330_PSO,GEN=61_MEMBER=246_PSO,,
GEN=64_MEMBER=331_PSO,GEN=52_MEMBER=373_PSO,,
GEN=64_MEMBER=332_PSO,GEN=51_MEMBER=367_PSO,,
GEN=64_MEMBER=333_PSO,GEN=60_MEMBER=225_PSO,,
GEN=64_MEMBER=334_PSO,GEN=51_MEMBER=345_PSO,,
GEN=64_MEMBER=335_PSO,GEN=50_MEMBER=332_PSO,,
GEN=64_MEMBER=336_PSO,GEN=58_MEMBER=145_PSO,,
GEN=64_MEMBER=337_PSO,GEN=58_MEMBER=142_PSO,,
GEN=64_MEMBER=338_PSO,GEN=57_MEMBER=113_PSO,,
GEN=64_MEMBER=339_PSO,GEN=54_MEMBER=50_PSO,,
GEN=64_MEMBER=340_PSO,GEN=54_MEMBER=48_PSO,,
GEN=64_MEMBER=341_PSO,GEN=63_MEMBER=315_PSO,,
GEN=64_MEMBER=342_PSO,GEN=62_MEMBER=265_PSO,,
GEN=64_MEMBER=343_PSO,GEN=61_MEMBER=244_PSO,,
GEN=64_MEMBER=344_PSO,GEN=61_MEMBER=234_PSO,,
GEN=64_MEMBER=345_PSO,GEN=60_MEMBER=206_PSO,,
GEN=64_MEMBER=346_PSO,GEN=59_MEMBER=172_PSO,,
GEN=64_MEMBER=347_PSO,GEN=52_MEMBER=395_PSO,,
GEN=64_MEMBER=348_PSO,GEN=52_MEMBER=387_PSO,,
GEN=64_MEMBER=349_PSO,GEN=54_MEMBER=34_PSO,,
GEN=64_MEMBER=350_PSO,GEN=57_MEMBER=140_PSO,,
GEN=65_MEMBER=351_PSO,GEN=50_MEMBER=332_PSO,,
GEN=65_MEMBER=352_PSO,GEN=62_MEMBER=272_PSO,,
GEN=65_MEMBER=353_PSO,GEN=57_MEMBER=113_PSO,,
GEN=65_MEMBER=354_PSO,GEN=64_MEMBER=337_PSO,,
GEN=65_MEMBER=355_PSO,GEN=64_MEMBER=328_PSO,,
GEN=65_MEMBER=356_PSO,GEN=58_MEMBER=142_PSO,,
GEN=65_MEMBER=357_PSO,GEN=64_MEMBER=323_PSO,,
GEN=65_MEMBER=358_PSO,GEN=63_MEMBER=316_PSO,,
GEN=65_MEMBER=359_PSO,GEN=62_MEMBER=270_PSO,,
GEN=65_MEMBER=360_PSO,GEN=61_MEMBER=246_PSO,,
GEN=65_MEMBER=361_PSO,GEN=62_MEMBER=287_PSO,,
GEN=65_MEMBER=362_PSO,GEN=54_MEMBER=50_PSO,,
GEN=65_MEMBER=363_PSO,GEN=54_MEMBER=48_PSO,,
GEN=65_MEMBER=364_PSO,GEN=54_MEMBER=47_PSO,,
GEN=65_MEMBER=365_PSO,GEN=54_MEMBER=33_PSO,,
GEN=65_MEMBER=366_PSO,GEN=53_MEMBER=424_PSO,,
GEN=65_MEMBER=367_PSO,GEN=52_MEMBER=373_PSO,,
GEN=65_MEMBER=368_PSO,GEN=51_MEMBER=367_PSO,,
GEN=65_MEMBER=369_PSO,GEN=51_MEMBER=345_PSO,,
GEN=65_MEMBER=370_PSO,GEN=63_MEMBER=315_PSO,,
GEN=65_MEMBER=371_PSO,GEN=63_MEMBER=314_PSO,,
GEN=65_MEMBER=372_PSO,GEN=54_MEMBER=46_PSO,,
GEN=65_MEMBER=373_PSO,GEN=54_MEMBER=34_PSO,,
GEN=65_MEMBER=374_PSO,GEN=62_MEMBER=265_PSO,,
GEN=65_MEMBER=375_PSO,GEN=61_MEMBER=234_PSO,,
GEN=65_MEMBER=376_PSO,GEN=52_MEMBER=395_PSO,,
GEN=65_MEMBER=377_PSO,GEN=52_MEMBER=387_PSO,,
GEN=65_MEMBER=378_PSO,GEN=60_MEMBER=225_PSO,,
GEN=65_MEMBER=379_PSO,GEN=64_MEMBER=347_PSO,,
GEN=65_MEMBER=380_PSO,GEN=64_MEMBER=344_PSO,,
GEN=66_MEMBER=381_PSO,GEN=62_MEMBER=272_PSO,,
GEN=66_MEMBER=382_PSO,GEN=50_MEMBER=332_PSO,,
GEN=66_MEMBER=383_PSO,GEN=62_MEMBER=270_PSO,,
GEN=66_MEMBER=384_PSO,GEN=61_MEMBER=246_PSO,,
GEN=66_MEMBER=385_PSO,GEN=58_MEMBER=142_PSO,,
GEN=66_MEMBER=386_PSO,GEN=54_MEMBER=50_PSO,,
GEN=66_MEMBER=387_PSO,GEN=65_MEMBER=355_PSO,,
GEN=66_MEMBER=388_PSO,GEN=54_MEMBER=48_PSO,,
GEN=66_MEMBER=389_PSO,GEN=54_MEMBER=47_PSO,,
GEN=66_MEMBER=390_PSO,GEN=54_MEMBER=33_PSO,,
GEN=66_MEMBER=391_PSO,GEN=53_MEMBER=424_PSO,,
GEN=66_MEMBER=392_PSO,GEN=52_MEMBER=373_PSO,,
GEN=66_MEMBER=393_PSO,GEN=64_MEMBER=337_PSO,,
GEN=66_MEMBER=394_PSO,GEN=64_MEMBER=328_PSO,,
GEN=66_MEMBER=395_PSO,GEN=64_MEMBER=323_PSO,,
GEN=66_MEMBER=396_PSO,GEN=63_MEMBER=316_PSO,,
GEN=66_MEMBER=397_PSO,GEN=51_MEMBER=367_PSO,,
GEN=66_MEMBER=398_PSO,GEN=51_MEMBER=345_PSO,,
GEN=66_MEMBER=399_PSO,GEN=62_MEMBER=287_PSO,,
GEN=66_MEMBER=400_PSO,GEN=65_MEMBER=356_PSO,,
GEN=66_MEMBER=401_PSO,GEN=64_MEMBER=347_PSO,,
GEN=66_MEMBER=402_PSO,GEN=63_MEMBER=315_PSO,,
GEN=66_MEMBER=403_PSO,GEN=54_MEMBER=34_PSO,,
GEN=66_MEMBER=404_PSO,GEN=57_MEMBER=113_PSO,,
GEN=66_MEMBER=405_PSO,GEN=61_MEMBER=234_PSO,,
GEN=66_MEMBER=406_PSO,GEN=52_MEMBER=395_PSO,,
GEN=66_MEMBER=407_PSO,GEN=52_MEMBER=387_PSO,,
GEN=66_MEMBER=408_PSO,GEN=60_MEMBER=225_PSO,,
GEN=66_MEMBER=409_PSO,GEN=62_MEMBER=265_PSO,,
GEN=66_MEMBER=410_PSO,GEN=54_MEMBER=46_PSO,,
GEN=67_MEMBER=411_PSO,GEN=66_MEMBER=409_PSO,,
GEN=67_MEMBER=412_PSO,GEN=66_MEMBER=404_PSO,,
GEN=67_MEMBER=413_PSO,GEN=54_MEMBER=50_PSO,,
GEN=67_MEMBER=414_PSO,GEN=66_MEMBER=400_PSO,,
GEN=67_MEMBER=415_PSO,GEN=54_MEMBER=47_PSO,,
GEN=67_MEMBER=416_PSO,GEN=54_MEMBER=46_PSO,,
GEN=67_MEMBER=417_PSO,GEN=66_MEMBER=394_PSO,,
GEN=67_MEMBER=418_PSO,GEN=66_MEMBER=383_PSO,,
GEN=67_MEMBER=419_PSO,GEN=53_MEMBER=424_PSO,,
GEN=67_MEMBER=420_PSO,GEN=52_MEMBER=395_PSO,,
GEN=67_MEMBER=421_PSO,GEN=52_MEMBER=373_PSO,,
GEN=67_MEMBER=422_PSO,GEN=51_MEMBER=367_PSO,,
GEN=67_MEMBER=423_PSO,GEN=64_MEMBER=337_PSO,,
GEN=67_MEMBER=424_PSO,GEN=64_MEMBER=328_PSO,,
GEN=67_MEMBER=425_PSO,GEN=64_MEMBER=323_PSO,,
GEN=67_MEMBER=426_PSO,GEN=63_MEMBER=316_PSO,,
GEN=67_MEMBER=427_PSO,GEN=51_MEMBER=345_PSO,,
GEN=67_MEMBER=428_PSO,GEN=50_MEMBER=332_PSO,,
GEN=67_MEMBER=429_PSO,GEN=62_MEMBER=272_PSO,,
GEN=67_MEMBER=430_PSO,GEN=62_MEMBER=270_PSO,,
GEN=67_MEMBER=431_PSO,GEN=61_MEMBER=246_PSO,,
GEN=67_MEMBER=432_PSO,GEN=58_MEMBER=142_PSO,,
GEN=67_MEMBER=433_PSO,GEN=66_MEMBER=381_PSO,,
GEN=67_MEMBER=434_PSO,GEN=65_MEMBER=356_PSO,,
GEN=67_MEMBER=435_PSO,GEN=65_MEMBER=355_PSO,,
GEN=67_MEMBER=436_PSO,GEN=64_MEMBER=347_PSO,,
GEN=67_MEMBER=437_PSO,GEN=62_MEMBER=287_PSO,,
GEN=67_MEMBER=438_PSO,GEN=54_MEMBER=33_PSO,,
GEN=67_MEMBER=439_PSO,GEN=57_MEMBER=113_PSO,,
GEN=67_MEMBER=440_PSO,GEN=61_MEMBER=234_PSO,,
GEN=68_MEMBER=441_PSO,GEN=62_MEMBER=270_PSO,,
GEN=68_MEMBER=442_PSO,GEN=67_MEMBER=439_PSO,,
GEN=68_MEMBER=443_PSO,GEN=61_MEMBER=246_PSO,,
GEN=68_MEMBER=444_PSO,GEN=67_MEMBER=436_PSO,,
GEN=68_MEMBER=445_PSO,GEN=58_MEMBER=142_PSO,,
GEN=68_MEMBER=446_PSO,GEN=62_MEMBER=287_PSO,,
GEN=68_MEMBER=447_PSO,GEN=53_MEMBER=424_PSO,,
GEN=68_MEMBER=448_PSO,GEN=67_MEMBER=424_PSO,,
GEN=68_MEMBER=449_PSO,GEN=67_MEMBER=418_PSO,,
GEN=68_MEMBER=450_PSO,GEN=67_MEMBER=417_PSO,,
GEN=68_MEMBER=451_PSO,GEN=54_MEMBER=50_PSO,,
GEN=68_MEMBER=452_PSO,GEN=67_MEMBER=412_PSO,,
GEN=68_MEMBER=453_PSO,GEN=67_MEMBER=411_PSO,,
GEN=68_MEMBER=454_PSO,GEN=66_MEMBER=409_PSO,,
GEN=68_MEMBER=455_PSO,GEN=66_MEMBER=404_PSO,,
GEN=68_MEMBER=456_PSO,GEN=66_MEMBER=400_PSO,,
GEN=68_MEMBER=457_PSO,GEN=66_MEMBER=394_PSO,,
GEN=68_MEMBER=458_PSO,GEN=52_MEMBER=395_PSO,,
GEN=68_MEMBER=459_PSO,GEN=52_MEMBER=373_PSO,,
GEN=68_MEMBER=460_PSO,GEN=51_MEMBER=367_PSO,,
GEN=68_MEMBER=461_PSO,GEN=51_MEMBER=345_PSO,,
GEN=68_MEMBER=462_PSO,GEN=50_MEMBER=332_PSO,,
GEN=68_MEMBER=463_PSO,GEN=64_MEMBER=337_PSO,,
GEN=68_MEMBER=464_PSO,GEN=64_MEMBER=328_PSO,,
GEN=68_MEMBER=465_PSO,GEN=64_MEMBER=323_PSO,,
GEN=68_MEMBER=466_PSO,GEN=62_MEMBER=272_PSO,,
GEN=68_MEMBER=467_PSO,GEN=67_MEMBER=440_PSO,,
GEN=68_MEMBER=468_PSO,GEN=67_MEMBER=432_PSO,,
GEN=68_MEMBER=469_PSO,GEN=67_MEMBER=425_PSO,,
GEN=68_MEMBER=470_PSO,GEN=66_MEMBER=381_PSO,,
GEN=69_MEMBER=471_PSO,GEN=67_MEMBER=411_PSO,,
GEN=69_MEMBER=472_PSO,GEN=64_MEMBER=323_PSO,,
GEN=69_MEMBER=473_PSO,GEN=68_MEMBER=466_PSO,,
GEN=69_MEMBER=474_PSO,GEN=62_MEMBER=270_PSO,,
GEN=69_MEMBER=475_PSO,GEN=68_MEMBER=457_PSO,,
GEN=69_MEMBER=476_PSO,GEN=61_MEMBER=246_PSO,,
GEN=69_MEMBER=477_PSO,GEN=68_MEMBER=454_PSO,,
GEN=69_MEMBER=478_PSO,GEN=58_MEMBER=142_PSO,,
GEN=69_MEMBER=479_PSO,GEN=68_MEMBER=445_PSO,,
GEN=69_MEMBER=480_PSO,GEN=68_MEMBER=444_PSO,,
GEN=69_MEMBER=481_PSO,GEN=54_MEMBER=50_PSO,,
GEN=69_MEMBER=482_PSO,GEN=53_MEMBER=424_PSO,,
GEN=69_MEMBER=483_PSO,GEN=67_MEMBER=439_PSO,,
GEN=69_MEMBER=484_PSO,GEN=67_MEMBER=436_PSO,,
GEN=69_MEMBER=485_PSO,GEN=52_MEMBER=373_PSO,,
GEN=69_MEMBER=486_PSO,GEN=51_MEMBER=367_PSO,,
GEN=69_MEMBER=487_PSO,GEN=67_MEMBER=424_PSO,,
GEN=69_MEMBER=488_PSO,GEN=67_MEMBER=418_PSO,,
GEN=69_MEMBER=489_PSO,GEN=67_MEMBER=417_PSO,,
GEN=69_MEMBER=490_PSO,GEN=51_MEMBER=345_PSO,,
GEN=69_MEMBER=491_PSO,GEN=50_MEMBER=332_PSO,,
GEN=69_MEMBER=492_PSO,GEN=66_MEMBER=409_PSO,,
GEN=69_MEMBER=493_PSO,GEN=66_MEMBER=404_PSO,,
GEN=69_MEMBER=494_PSO,GEN=66_MEMBER=400_PSO,,
GEN=69_MEMBER=495_PSO,GEN=66_MEMBER=394_PSO,,
GEN=69_MEMBER=496_PSO,GEN=64_MEMBER=337_PSO,,
GEN=69_MEMBER=497_PSO,GEN=64_MEMBER=328_PSO,,
GEN=69_MEMBER=498_PSO,GEN=68_MEMBER=468_PSO,,
GEN=69_MEMBER=499_PSO,GEN=68_MEMBER=463_PSO,,
GEN=69_MEMBER=500_PSO,GEN=68_MEMBER=455_PSO,,
GEN=70_MEMBER=501_PSO,GEN=67_MEMBER=424_PSO,,
GEN=70_MEMBER=502_PSO,GEN=69_MEMBER=497_PSO,,
GEN=70_MEMBER=503_PSO,GEN=62_MEMBER=270_PSO,,
GEN=70_MEMBER=504_PSO,GEN=61_MEMBER=246_PSO,,
GEN=70_MEMBER=505_PSO,GEN=58_MEMBER=142_PSO,,
GEN=70_MEMBER=506_PSO,GEN=69_MEMBER=484_PSO,,
GEN=70_MEMBER=507_PSO,GEN=54_MEMBER=50_PSO,,
GEN=70_MEMBER=508_PSO,GEN=69_MEMBER=477_PSO,,
GEN=70_MEMBER=509_PSO,GEN=69_MEMBER=471_PSO,,
GEN=70_MEMBER=510_PSO,GEN=53_MEMBER=424_PSO,,
GEN=70_MEMBER=511_PSO,GEN=52_MEMBER=373_PSO,,
GEN=70_MEMBER=512_PSO,GEN=51_MEMBER=367_PSO,,
GEN=70_MEMBER=513_PSO,GEN=68_MEMBER=457_PSO,,
GEN=70_MEMBER=514_PSO,GEN=51_MEMBER=345_PSO,,
GEN=70_MEMBER=515_PSO,GEN=68_MEMBER=454_PSO,,
GEN=70_MEMBER=516_PSO,GEN=68_MEMBER=445_PSO,,
GEN=70_MEMBER=517_PSO,GEN=68_MEMBER=444_PSO,,
GEN=70_MEMBER=518_PSO,GEN=67_MEMBER=439_PSO,,
GEN=70_MEMBER=519_PSO,GEN=67_MEMBER=436_PSO,,
GEN=70_MEMBER=520_PSO,GEN=50_MEMBER=332_PSO,,
GEN=70_MEMBER=521_PSO,GEN=67_MEMBER=418_PSO,,
GEN=70_MEMBER=522_PSO,GEN=67_MEMBER=417_PSO,,
GEN=70_MEMBER=523_PSO,GEN=67_MEMBER=411_PSO,,
GEN=70_MEMBER=524_PSO,GEN=66_MEMBER=409_PSO,,
GEN=70_MEMBER=525_PSO,GEN=66_MEMBER=404_PSO,,
GEN=70_MEMBER=526_PSO,GEN=66_MEMBER=400_PSO,,
GEN=70_MEMBER=527_PSO,GEN=66_MEMBER=394_PSO,,
GEN=70_MEMBER=528_PSO,GEN=64_MEMBER=337_PSO,,
GEN=70_MEMBER=529_PSO,GEN=64_MEMBER=328_PSO,,
GEN=70_MEMBER=530_PSO,GEN=64_MEMBER=323_PSO,,
GEN=71_MEMBER=531_PSO,GEN=70_MEMBER=527_PSO,,
GEN=71_MEMBER=532_PSO,GEN=69_MEMBER=477_PSO,,
GEN=71_MEMBER=533_PSO,GEN=70_MEMBER=524_PSO,,
GEN=71_MEMBER=534_PSO,GEN=67_MEMBER=411_PSO,,
GEN=71_MEMBER=535_PSO,GEN=69_MEMBER=471_PSO,,
GEN=71_MEMBER=536_PSO,GEN=68_MEMBER=444_PSO,,
GEN=71_MEMBER=537_PSO,GEN=70_MEMBER=517_PSO,,
GEN=71_MEMBER=538_PSO,GEN=68_MEMBER=457_PSO,,
GEN=71_MEMBER=539_PSO,GEN=67_MEMBER=418_PSO,,
GEN=71_MEMBER=540_PSO,GEN=67_MEMBER=424_PSO,,
GEN=71_MEMBER=541_PSO,GEN=68_MEMBER=454_PSO,,
GEN=71_MEMBER=542_PSO,GEN=67_MEMBER=439_PSO,,
GEN=71_MEMBER=543_PSO,GEN=70_MEMBER=502_PSO,,
GEN=71_MEMBER=544_PSO,GEN=70_MEMBER=501_PSO,,
GEN=71_MEMBER=545_PSO,GEN=69_MEMBER=497_PSO,,
GEN=71_MEMBER=546_PSO,GEN=68_MEMBER=445_PSO,,
GEN=71_MEMBER=547_PSO,GEN=66_MEMBER=404_PSO,,
GEN=71_MEMBER=548_PSO,GEN=66_MEMBER=400_PSO,,
GEN=71_MEMBER=549_PSO,GEN=66_MEMBER=394_PSO,,
GEN=71_MEMBER=550_PSO,GEN=64_MEMBER=337_PSO,,
GEN=71_MEMBER=551_PSO,GEN=64_MEMBER=328_PSO,,
GEN=71_MEMBER=552_PSO,GEN=64_MEMBER=323_PSO,,
GEN=71_MEMBER=553_PSO,GEN=62_MEMBER=270_PSO,,
GEN=71_MEMBER=554_PSO,GEN=61_MEMBER=246_PSO,,
GEN=71_MEMBER=555_PSO,GEN=58_MEMBER=142_PSO,,
GEN=71_MEMBER=556_PSO,GEN=53_MEMBER=424_PSO,,
GEN=71_MEMBER=557_PSO,GEN=52_MEMBER=373_PSO,,
GEN=71_MEMBER=558_PSO,GEN=51_MEMBER=367_PSO,,
GEN=71_MEMBER=559_PSO,GEN=51_MEMBER=345_PSO,,
GEN=71_MEMBER=560_PSO,GEN=70_MEMBER=518_PSO,,
GEN=72_MEMBER=561_PSO,GEN=67_MEMBER=439_PSO,,
GEN=72_MEMBER=562_PSO,GEN=67_MEMBER=424_PSO,,
GEN=72_MEMBER=563_PSO,GEN=67_MEMBER=418_PSO,,
GEN=72_MEMBER=564_PSO,GEN=67_MEMBER=411_PSO,,
GEN=72_MEMBER=565_PSO,GEN=66_MEMBER=404_PSO,,
GEN=72_MEMBER=566_PSO,GEN=69_MEMBER=497_PSO,,
GEN=72_MEMBER=567_PSO,GEN=66_MEMBER=400_PSO,,
GEN=72_MEMBER=568_PSO,GEN=66_MEMBER=394_PSO,,
GEN=72_MEMBER=569_PSO,GEN=64_MEMBER=337_PSO,,
GEN=72_MEMBER=570_PSO,GEN=64_MEMBER=328_PSO,,
GEN=72_MEMBER=571_PSO,GEN=64_MEMBER=323_PSO,,
GEN=72_MEMBER=572_PSO,GEN=62_MEMBER=270_PSO,,
GEN=72_MEMBER=573_PSO,GEN=58_MEMBER=142_PSO,,
GEN=72_MEMBER=574_PSO,GEN=53_MEMBER=424_PSO,,
GEN=72_MEMBER=575_PSO,GEN=52_MEMBER=373_PSO,,
GEN=72_MEMBER=576_PSO,GEN=51_MEMBER=367_PSO,,
GEN=72_MEMBER=577_PSO,GEN=70_MEMBER=527_PSO,,
GEN=72_MEMBER=578_PSO,GEN=70_MEMBER=524_PSO,,
GEN=72_MEMBER=579_PSO,GEN=51_MEMBER=345_PSO,,
GEN=72_MEMBER=580_PSO,GEN=70_MEMBER=517_PSO,,
GEN=72_MEMBER=581_PSO,GEN=70_MEMBER=502_PSO,,
GEN=72_MEMBER=582_PSO,GEN=70_MEMBER=501_PSO,,
GEN=72_MEMBER=583_PSO,GEN=61_MEMBER=246_PSO,,
GEN=72_MEMBER=584_PSO,GEN=69_MEMBER=477_PSO,,
GEN=72_MEMBER=585_PSO,GEN=69_MEMBER=471_PSO,,
GEN=72_MEMBER=586_PSO,GEN=68_MEMBER=457_PSO,,
GEN=72_MEMBER=587_PSO,GEN=68_MEMBER=454_PSO,,
GEN=72_MEMBER=588_PSO,GEN=71_MEMBER=560_PSO,,
GEN=72_MEMBER=589_PSO,GEN=71_MEMBER=555_PSO,,
GEN=72_MEMBER=590_PSO,GEN=71_MEMBER=545_PSO,,
GEN=73_MEMBER=591_PSO,GEN=72_MEMBER=584_PSO,,
GEN=73_MEMBER=592_PSO,GEN=67_MEMBER=424_PSO,,
GEN=73_MEMBER=593_PSO,GEN=70_MEMBER=524_PSO,,
GEN=73_MEMBER=594_PSO,GEN=72_MEMBER=587_PSO,,
GEN=73_MEMBER=595_PSO,GEN=67_MEMBER=439_PSO,,
GEN=73_MEMBER=596_PSO,GEN=61_MEMBER=246_PSO,,
GEN=73_MEMBER=597_PSO,GEN=72_MEMBER=581_PSO,,
GEN=73_MEMBER=598_PSO,GEN=70_MEMBER=527_PSO,,
GEN=73_MEMBER=599_PSO,GEN=68_MEMBER=454_PSO,,
GEN=73_MEMBER=600_PSO,GEN=72_MEMBER=573_PSO,,
GEN=73_MEMBER=601_PSO,GEN=69_MEMBER=477_PSO,,
GEN=73_MEMBER=602_PSO,GEN=69_MEMBER=497_PSO,,
GEN=73_MEMBER=603_PSO,GEN=70_MEMBER=502_PSO,,
GEN=73_MEMBER=604_PSO,GEN=67_MEMBER=418_PSO,,
GEN=73_MEMBER=605_PSO,GEN=67_MEMBER=411_PSO,,
GEN=73_MEMBER=606_PSO,GEN=66_MEMBER=404_PSO,,
GEN=73_MEMBER=607_PSO,GEN=66_MEMBER=400_PSO,,
GEN=73_MEMBER=608_PSO,GEN=66_MEMBER=394_PSO,,
GEN=73_MEMBER=609_PSO,GEN=64_MEMBER=337_PSO,,
GEN=73_MEMBER=610_PSO,GEN=64_MEMBER=328_PSO,,
GEN=73_MEMBER=611_PSO,GEN=64_MEMBER=323_PSO,,
GEN=73_MEMBER=612_PSO,GEN=62_MEMBER=270_PSO,,
GEN=73_MEMBER=613_PSO,GEN=58_MEMBER=142_PSO,,
GEN=73_MEMBER=614_PSO,GEN=53_MEMBER=424_PSO,,
GEN=73_MEMBER=615_PSO,GEN=52_MEMBER=373_PSO,,
GEN=73_MEMBER=616_PSO,GEN=51_MEMBER=367_PSO,,
GEN=73_MEMBER=617_PSO,GEN=51_MEMBER=345_PSO,,
GEN=73_MEMBER=618_PSO,GEN=72_MEMBER=570_PSO,,
GEN=73_MEMBER=619_PSO,GEN=72_MEMBER=567_PSO,,
GEN=73_MEMBER=620_PSO,GEN=72_MEMBER=566_PSO,,
